{"stats":{"minecraft:broken":{"minecraft:stone_pickaxe":1,"minecraft:wooden_axe":1},"minecraft:killed_by":{"minecraft:player":1,"simon_12:simon_12":1,"caverns_and_chasms:deeper":1,"minecraft:enderman":2,"thebeastinthedark:the_dark_beast":4,"siren_head:siren_head":1},"minecraft:dropped":{"minecraft:stone_sword":1,"minecraft:crafting_table":1,"minecraft:cobblestone":17,"minecraft:stick":17,"minecraft:torch":24,"minecraft:acacia_planks":39},"minecraft:mined":{"minecraft:tuff":9,"minecraft:deepslate_diamond_ore":3,"caverns_and_chasms:deepslate_silver_ore":13,"biomesoplenty:desert_grass":6,"minecraft:spruce_door":1,"caverns_and_chasms:fragile_deepslate":1,"minecraft:crafting_table":10,"minecraft:torch":8,"minecraft:acacia_log":24,"dynamictrees:acacia_leaves":5,"epicsamurai:deepslate_ruby_ore":11,"minecraft:grass_block":2,"minecraft:poppy":1,"minecraft:tall_grass":19,"minecraft:cobblestone":4,"biomesoplenty:sprout":5,"biomesoplenty:orange_sandstone":4,"minecraft:deepslate_gold_ore":5,"minecraft:lapis_ore":3,"biomesoplenty:dead_grass":1,"minecraft:wall_torch":6,"minecraft:diorite":2,"biomesoplenty:dune_grass":7,"epicsamurai:deepslate_jade_ore":8,"minecraft:furnace":4,"minecraft:iron_ore":5,"minecraft:cobbled_deepslate":13,"minecraft:andesite":4,"minecraft:deepslate_lapis_ore":3,"minecraft:grass":117,"minecraft:pointed_dripstone":2,"minecraft:coal_ore":51,"minecraft:deepslate_iron_ore":44,"caverns_and_chasms:rocky_dirt":2,"epicsamurai:deepslate_silver_ore":15,"minecraft:dripstone_block":7,"minecraft:acacia_planks":1,"minecraft:stone":85,"minecraft:white_wool":1,"minecraft:deepslate":74},"minecraft:picked_up":{"minecraft:wooden_axe":3,"minecraft:crafting_table":12,"minecraft:feather":2,"minecraft:chicken":6,"minecraft:andesite":12,"minecraft:brown_wool":1,"minecraft:leather":4,"minecraft:wooden_pickaxe":6,"minecraft:tuff":21,"minecraft:gunpowder":2,"minecraft:lapis_lazuli":76,"minecraft:string":2,"minecraft:dirt":7,"minecraft:wooden_sword":1,"minecraft:cooked_mutton":5,"epicsamurai:jade":8,"minecraft:acacia_planks":223,"minecraft:wheat_seeds":10,"aquaculture:bluegill":1,"minecraft:cobbled_deepslate":113,"minecraft:raw_gold":4,"minecraft:iron_ingot":47,"minecraft:stone_pickaxe":4,"aquaculture:minnow":2,"minecraft:light_gray_wool":2,"epicsamurai:raw_silver":15,"caverns_and_chasms:spinel":2,"minecraft:furnace":5,"minecraft:stick":422,"minecraft:raw_iron":46,"minecraft:torch":16,"minecraft:acacia_log":62,"minecraft:dripstone_block":4,"minecraft:porkchop":15,"dynamictrees:acacia_seed":89,"minecraft:pointed_dripstone":3,"minecraft:diorite":18,"minecraft:stone_sword":1,"minecraft:arrow":23,"minecraft:rotten_flesh":7,"minecraft:diamond":3,"minecraft:stone_axe":1,"biomesoplenty:orange_sandstone":17,"aquaculture:carp":4,"epicsamurai:ruby":10,"minecraft:mutton":29,"caverns_and_chasms:raw_silver":13,"minecraft:coal":51,"minecraft:white_wool":15,"minecraft:cobblestone":292},"minecraft:killed":{"minecraft:pig":8,"caverns_and_chasms:mime":1,"thebeastinthedark:the_beast_flees":1,"minecraft:sheep":10,"minecraft:zombie":1,"minecraft:chicken":2},"minecraft:used":{"minecraft:cooked_mutton":4,"minecraft:water_bucket":1,"minecraft:diorite":3,"minecraft:stone_pickaxe":276,"minecraft:wooden_pickaxe":16,"minecraft:cooked_chicken":2,"minecraft:white_wool":3,"minecraft:torch":116,"minecraft:crafting_table":12,"minecraft:wooden_axe":105,"epicfight:iron_greatsword":1,"minecraft:iron_pickaxe":94,"biomesoplenty:orange_sandstone":2,"minecraft:light_gray_wool":1,"minecraft:stone_axe":23,"minecraft:cobblestone":7,"minecraft:furnace":5,"minecraft:cooked_porkchop":3,"minecraft:cobbled_deepslate":56,"minecraft:acacia_planks":54},"minecraft:crafted":{"minecraft:cobblestone_slab":48,"minecraft:cooked_porkchop":8,"minecraft:crafting_table":3,"minecraft:cooked_chicken":2,"minecraft:wooden_pickaxe":2,"minecraft:furnace":1,"minecraft:stone_axe":1,"minecraft:cooked_mutton":14,"minecraft:air":0,"spartanshields:iron_basic_shield":1,"minecraft:iron_boots":1,"minecraft:iron_chestplate":1,"minecraft:diamond_pickaxe":1,"minecraft:charcoal":9,"minecraft:stick":8,"minecraft:iron_ingot":33,"epicfight:iron_greatsword":1,"minecraft:iron_pickaxe":1,"minecraft:stone_pickaxe":3,"minecraft:wooden_axe":2,"minecraft:iron_leggings":1,"spartanshields:wooden_basic_shield":1,"minecraft:acacia_planks":144,"minecraft:torch":128},"minecraft:custom":{"minecraft:interact_with_furnace":61,"minecraft:mob_kills":23,"minecraft:interact_with_crafting_table":33,"minecraft:leave_game":7,"minecraft:time_since_death":55584,"minecraft:time_since_rest":55609,"minecraft:sprint_one_cm":589737,"minecraft:damage_taken":4090,"minecraft:walk_one_cm":569559,"minecraft:drop":38,"minecraft:damage_dealt":3698,"minecraft:swim_one_cm":61201,"minecraft:fly_one_cm":1401582,"minecraft:play_time":141506,"minecraft:crouch_one_cm":53125,"minecraft:deaths":11,"minecraft:sneak_time":12197,"minecraft:walk_under_water_one_cm":3307,"minecraft:jump":2757,"minecraft:walk_on_water_one_cm":19651,"minecraft:total_world_time":258176,"minecraft:fall_one_cm":86456}},"DataVersion":3120}