{"stats":{"minecraft:custom":{"minecraft:interact_with_furnace":28,"minecraft:mob_kills":21,"minecraft:interact_with_crafting_table":12,"minecraft:leave_game":2,"minecraft:time_since_death":26006,"minecraft:climb_one_cm":986,"minecraft:time_since_rest":26319,"minecraft:sprint_one_cm":503987,"minecraft:damage_taken":5610,"minecraft:walk_one_cm":583060,"minecraft:drop":62,"minecraft:damage_dealt":2554,"minecraft:damage_dealt_absorbed":11,"minecraft:swim_one_cm":16765,"minecraft:fly_one_cm":950581,"minecraft:player_kills":1,"minecraft:crouch_one_cm":33971,"minecraft:play_time":111020,"minecraft:deaths":16,"minecraft:sneak_time":7317,"minecraft:walk_under_water_one_cm":8506,"minecraft:jump":2546,"minecraft:walk_on_water_one_cm":18525,"minecraft:total_world_time":111020,"minecraft:fall_one_cm":73774,"minecraft:horse_one_cm":949},"minecraft:picked_up":{"minecraft:wooden_axe":6,"minecraft:charcoal":4,"minecraft:crafting_table":14,"minecraft:feather":1,"minecraft:chicken":2,"minecraft:glow_ink_sac":3,"minecraft:andesite":12,"minecraft:brown_wool":4,"minecraft:leather":16,"minecraft:wooden_pickaxe":9,"minecraft:tuff":6,"minecraft:lapis_lazuli":38,"minecraft:string":14,"minecraft:dirt":28,"epicsamurai:jade":3,"minecraft:wooden_sword":1,"minecraft:cooked_mutton":19,"minecraft:bone":8,"minecraft:acacia_planks":567,"minecraft:wheat_seeds":18,"aquaculture:bluegill":1,"minecraft:cobbled_deepslate":122,"minecraft:iron_ingot":7,"minecraft:beef":72,"minecraft:stone_pickaxe":10,"aquaculture:minnow":4,"minecraft:light_gray_wool":2,"epicsamurai:raw_silver":10,"biomesoplenty:hanging_cobweb":1,"caverns_and_chasms:spinel":34,"minecraft:furnace":6,"minecraft:raw_iron":27,"minecraft:stick":290,"minecraft:cooked_porkchop":15,"minecraft:torch":262,"minecraft:acacia_log":196,"minecraft:dripstone_block":75,"minecraft:gravel":35,"minecraft:porkchop":38,"dynamictrees:acacia_seed":101,"minecraft:pointed_dripstone":95,"minecraft:diorite":21,"minecraft:spruce_door":5,"minecraft:stone_sword":4,"minecraft:arrow":25,"minecraft:rotten_flesh":34,"minecraft:diamond":1,"minecraft:stone_axe":5,"biomesoplenty:orange_sandstone":28,"minecraft:granite":1,"aquaculture:carp":8,"caverns_and_chasms:raw_silver":3,"minecraft:black_wool":10,"minecraft:mutton":19,"minecraft:coal":65,"minecraft:white_wool":28,"minecraft:cobblestone":243},"minecraft:used":{"minecraft:cooked_mutton":7,"minecraft:water_bucket":12,"minecraft:stone_sword":18,"minecraft:stone_pickaxe":98,"minecraft:wooden_pickaxe":32,"aquaculture:bluegill":1,"minecraft:white_wool":6,"minecraft:torch":64,"minecraft:dirt":23,"minecraft:mutton":3,"minecraft:crafting_table":7,"minecraft:wooden_axe":23,"minecraft:lava_bucket":9,"minecraft:iron_pickaxe":23,"minecraft:stone_axe":9,"minecraft:wooden_sword":6,"minecraft:cobblestone":7,"minecraft:furnace":3,"minecraft:bucket":22,"minecraft:cobbled_deepslate":62,"minecraft:acacia_planks":17},"minecraft:broken":{"minecraft:wooden_axe":1},"minecraft:killed_by":{"caverns_and_chasms:peeper":3,"minecraft:skeleton":2,"minecraft:zombie":1,"minecraft:enderman":2,"thebeastinthedark:the_dark_beast":1,"thebeastinthedark:the_beast_chase":1,"goodall:rhino":1,"steve_dweller:steve_dweller":1,"siren_head:siren_head":2},"minecraft:dropped":{"minecraft:iron_ingot":7,"minecraft:stone_sword":1,"minecraft:tuff":4,"minecraft:cobblestone":58,"minecraft:stick":89,"minecraft:diorite":6,"minecraft:andesite":4,"minecraft:wooden_axe":1,"minecraft:stone_pickaxe":1,"minecraft:wooden_pickaxe":1,"dynamictrees:acacia_seed":31,"minecraft:acacia_planks":135},"minecraft:killed":{"minecraft:spider":1,"minecraft:bat":1,"minecraft:sheep":3,"minecraft:skeleton":6,"minecraft:zombie":2,"minecraft:glow_squid":1,"minecraft:cow":5},"minecraft:mined":{"minecraft:tuff":2,"minecraft:acacia_leaves":6,"minecraft:deepslate_diamond_ore":1,"caverns_and_chasms:deepslate_silver_ore":3,"biomesoplenty:desert_grass":2,"biomesoplenty:hanging_cobweb_strand":1,"minecraft:crafting_table":7,"minecraft:torch":2,"minecraft:granite":1,"minecraft:acacia_log":16,"minecraft:grass_block":18,"caverns_and_chasms:spinel_ore":12,"biomesoplenty:sprout":2,"biomesoplenty:orange_sandstone":1,"minecraft:diorite":8,"minecraft:wall_torch":4,"epicsamurai:deepslate_jade_ore":3,"minecraft:furnace":4,"minecraft:iron_ore":8,"minecraft:light_gray_wool":1,"minecraft:deepslate_lapis_ore":1,"biomesoplenty:hanging_cobweb":3,"minecraft:grass":10,"minecraft:deepslate_iron_ore":11,"minecraft:coal_ore":32,"epicsamurai:deepslate_silver_ore":10,"minecraft:dirt":1,"minecraft:acacia_planks":3,"minecraft:stone":29,"minecraft:white_wool":7,"minecraft:deepslate":13},"minecraft:crafted":{"minecraft:wooden_sword":1,"minecraft:crafting_table":2,"minecraft:furnace":1,"minecraft:bucket":1,"minecraft:stone_axe":2,"minecraft:cooked_mutton":2,"minecraft:air":0,"minecraft:charcoal":1,"minecraft:stick":32,"minecraft:iron_pickaxe":1,"minecraft:iron_ingot":22,"minecraft:stone_pickaxe":3,"minecraft:wooden_axe":3,"minecraft:stone_sword":2,"minecraft:acacia_planks":304,"minecraft:torch":108}},"DataVersion":3120}